Coordinates,Beach
"(-4.3737559, 55.8435166)","Grande Anse Beach  La Digue Island  Seychelles
"
"(35.513452, 12.557502)","Rabbit Beach  Lampedusa  Italy
"
"(21.7997149, -72.16826929999999)","Grace Bay  Providenciales  Turks and Caicos Islands
"
"(-4.376729699999999, 55.8259462)","Anse Source d'Argent  La Digue  Seychelles
"
"(17.8863728, -62.82132230000001)","Anse de Grande Saline  St. Barths
"
"(25.0846108, -77.30690720000001)","Cabbage Beach  Paradise Island  Bahamas
"
"(-42.1306443, 148.3123093)","Wineglass Bay  Tasmania
"
"(-16.5384056, -151.7388105)","Matira Beach  Bora Bora  Tahiti
"
"(-15.1437919, 167.1203814)","Champagne Beach  Vanuatu
"
"(18.5604256, 122.1405413)","Palaui Island  Cagayan Valley  Philippines
"
"(-20.2824324, 149.038854)","Whitehaven Beach  Queensland  Australia
"
"(20.2114185, -87.46535019999999)","Tulum  Mexico
"
"(5.9071022, 102.7221306)","Pulau Perhentian Kecil  Malaysia
"
"Grande Anse Beach  La Digue Island  Seychelles
","(-4.3737559, 55.8435166)"
"Rabbit Beach  Lampedusa  Italy
","(-4.3737559, 55.8435166)"
"Grace Bay  Providenciales  Turks and Caicos Islands
","(21.7997149, -72.16826929999999)"
"Anse Source d'Argent  La Digue  Seychelles
","(-4.376729699999999, 55.8259462)"
"Anse de Grande Saline  St. Barths
","(17.8863728, -62.82132230000001)"
"Cabbage Beach  Paradise Island  Bahamas
","(25.0846108, -77.30690720000001)"
"Wineglass Bay  Tasmania
","(-42.1306443, 148.3123093)"
"Matira Beach  Bora Bora  Tahiti
","(-16.5384056, -151.7388105)"
"Champagne Beach  Vanuatu
","(-16.5384056, -151.7388105)"
"Palaui Island  Cagayan Valley  Philippines
","(18.5604256, 122.1405413)"
"Whitehaven Beach  Queensland  Australia
","(18.5604256, 122.1405413)"
"Tulum  Mexico
","(20.2114185, -87.46535019999999)"
"Pulau Perhentian Kecil  Malaysia
","(5.9071022, 102.7221306)"
"El Nido  Palawan  Philippines
","(11.2097089, 119.4622539)"
"The Baths  Virgin Gorda  British Virgin Islands
","(18.4301585, -64.44465730000002)"
"Luskentyre Beach  Scotland
","(18.4301585, -64.44465730000002)"
"Nihiwatu Beach  Sumba  Indonesia
","(-9.7720795, 119.3682249)"
"Gardner Bay  Espanola Island  Ecuador
","(-9.7720795, 119.3682249)"
"Maya Bay  Ko Phi Phi  Thailand
","(7.6781764, 98.76567159999999)"
"Rarotonga  Cook Islands
","(-21.2292371, -159.7763491)"
"Juara Beach  Tioman Island  Malaysia
","(2.7973811, 104.2049089)"
"Boulders Beach  Cape Town
","(-34.1972201, 18.4512851)"
"Crane Beach  Barbados
","(13.1067438, -59.4435781)"
"Egremni Beach  Greece
","(38.6374903, 20.5583877)"
"Sun Island Beach  Maldives
","(3.484146, 72.8017188)"
"Long Bay  Saint-Martin
","(18.0561293, -63.1428319)"
"Hanalei Bay  Hawaii  United States
","(22.2090776, -159.5067583)"
"Sunrise Beach  Koh Lipe  Thailand
","(6.48603, 99.3103)"
"Warwick Long Bay  Bermuda
","(32.2563999, -64.81099139999999)"
"Grand Anse  Grenada
","(12.0166667, -61.76666669999999)"
"Playa Paraiso  Cayo Largo  Cuba
","(21.5947539, -81.5390682)"
"Navagio Beach  Greece
","(37.8594645, 20.6249001)"
"Margaret River  Australia
","(-33.955, 115.075)"
"Cayo Paraiso  Dominican Republic
","(19.8702532, -71.3061199)"
"Balos Beach  Greece
","(19.8702532, -71.3061199)"
"Bahia Solano  Colombia
","(6.222551999999999, -77.40115399999999)"
"West Bay Beach  Roatan  Honduras
","(16.2749585, -86.59944279999999)"
"Karekare  West Auckland  New Zealand
","(-36.9755247, 174.483205)"
"Canggu Beach  Bali  Indonesia
","(-8.6609933, 115.1321265)"
"Dominical Beach  Costa Rica
","(9.2536518, -83.8701636)"
"Negril Beach  Jamaica
","(18.313971, -78.337105)"
"D-Day beaches  Normandy  France
","(49.3751871, -0.9083024000000001)"
"Nungwi  Zanzibar  Tanzania
","(-5.725856, 39.2985684)"
"Bondi Beach  Sydney  Australia
","(-33.8914755, 151.2766845)"
"Patnem Beach  Goa  India
","(14.9968861, 74.03350080000001)"
"Natadola Beach  Fiji
","(-17.775449, 177.434055)"
"Placencia Beach  Belize
","(-17.775449, 177.434055)"
"Trunk Bay  St. John  U.S. Virgin Islands
","(18.3525822, -64.76837530000002)"
"Tanjung Rhu  Langkawi  Malaysia
","(6.454390099999999, 99.8219476)"
"Porto da Barra  Salvador  Brazil
","(-13.003306, -38.5328688)"
"Panama City Beach  Florida  United States
","(-13.003306, -38.5328688)"
"(-4.3737559, 55.8435166)","Grande Anse Beach  La Digue Island  Seychelles
"
"(35.513452, 12.557502)","Rabbit Beach  Lampedusa  Italy
"
"(21.7997149, -72.16826929999999)","Grace Bay  Providenciales  Turks and Caicos Islands
"
"(21.7997149, -72.16826929999999)","Anse Source d'Argent  La Digue  Seychelles
"
"(17.8863728, -62.82132230000001)","Anse de Grande Saline  St. Barths
"
"(17.8863728, -62.82132230000001)","Cabbage Beach  Paradise Island  Bahamas
"
"(-42.1306443, 148.3123093)","Wineglass Bay  Tasmania
"
"(-16.5384056, -151.7388105)","Matira Beach  Bora Bora  Tahiti
"
"(-15.1437919, 167.1203814)","Champagne Beach  Vanuatu
"
"(18.5604256, 122.1405413)","Palaui Island  Cagayan Valley  Philippines
"
"(-20.2824324, 149.038854)","Whitehaven Beach  Queensland  Australia
"
"(20.2114185, -87.46535019999999)","Tulum  Mexico
"
"(5.9071022, 102.7221306)","Pulau Perhentian Kecil  Malaysia
"
"(11.2097089, 119.4622539)","El Nido  Palawan  Philippines
"
"(18.4301585, -64.44465730000002)","The Baths  Virgin Gorda  British Virgin Islands
"
"(57.8833908, -6.9526264)","Luskentyre Beach  Scotland
"
"(-9.7720795, 119.3682249)","Nihiwatu Beach  Sumba  Indonesia
"
"(-1.3516356, -89.66178479999999)","Gardner Bay  Espanola Island  Ecuador
"
"(-1.3516356, -89.66178479999999)","Maya Bay  Ko Phi Phi  Thailand
"
"(-21.2292371, -159.7763491)","Rarotonga  Cook Islands
"
"(2.7973811, 104.2049089)","Juara Beach  Tioman Island  Malaysia
"
"(-34.1972201, 18.4512851)","Boulders Beach  Cape Town
"
"(13.1067438, -59.4435781)","Crane Beach  Barbados
"
"(13.1067438, -59.4435781)","Egremni Beach  Greece
"
"(3.484146, 72.8017188)","Sun Island Beach  Maldives
"
"(18.0561293, -63.1428319)","Long Bay  Saint-Martin
"
"(18.0561293, -63.1428319)","Hanalei Bay  Hawaii  United States
"
"(6.48603, 99.3103)","Sunrise Beach  Koh Lipe  Thailand
"
"(32.2563999, -64.81099139999999)","Warwick Long Bay  Bermuda
"
"(12.0166667, -61.76666669999999)","Grand Anse  Grenada
"
"(12.0166667, -61.76666669999999)","Playa Paraiso  Cayo Largo  Cuba
"
"(12.0166667, -61.76666669999999)","Navagio Beach  Greece
"
"(-33.955, 115.075)","Margaret River  Australia
"
"(19.8702532, -71.3061199)","Cayo Paraiso  Dominican Republic
"
"(35.5789747, 23.5923276)","Balos Beach  Greece
"
"(35.5789747, 23.5923276)","Bahia Solano  Colombia
"
"(16.2749585, -86.59944279999999)","West Bay Beach  Roatan  Honduras
"
"(16.2749585, -86.59944279999999)","Karekare  West Auckland  New Zealand
"
"(16.2749585, -86.59944279999999)","Canggu Beach  Bali  Indonesia
"
"(9.2536518, -83.8701636)","Dominical Beach  Costa Rica
"
"(18.313971, -78.337105)","Negril Beach  Jamaica
"
"(49.3751871, -0.9083024000000001)","D-Day beaches  Normandy  France
"
"(-5.725856, 39.2985684)","Nungwi  Zanzibar  Tanzania
"
"(-33.8914755, 151.2766845)","Bondi Beach  Sydney  Australia
"
"(-33.8914755, 151.2766845)","Patnem Beach  Goa  India
"
"(-33.8914755, 151.2766845)","Natadola Beach  Fiji
"
"(16.521219, -88.368535)","Placencia Beach  Belize
"
"(18.3525822, -64.76837530000002)","Trunk Bay  St. John  U.S. Virgin Islands
"
"(18.3525822, -64.76837530000002)","Tanjung Rhu  Langkawi  Malaysia
"
"(18.3525822, -64.76837530000002)","Porto da Barra  Salvador  Brazil
"
"(30.1765914, -85.8054879)","Panama City Beach  Florida  United States
"
"(30.1765914, -85.8054879)","Southwestern Beach  Koh Rong  Cambodia
"
"(12.288773, -82.97608799999999)","Little Corn beaches  Nicaragua
"
"(46.49126099999999, -63.378674)","Cavendish Beach  Prince Edward Island  Canada
"
"(8.014548699999999, 98.8420723)","Phra Nang Beach  Railay  Thailand
"
"(-4.2797626, 39.5946958)","Diani Beach  Kenya
"
"(18.094093, -73.7020022)","Abaka Bay  Haiti
"
"(18.094093, -73.7020022)","Akajima  Okinawa  Japan
"
"(18.094093, -73.7020022)","Na'ama Bay  Sharm el Sheikh  Egypt
"
"(39.834596, 119.484522)","Beidaihe  China
"
"(31.5084926, -9.7595041)","Essaouira  Morocco
"
"(31.5084926, -9.7595041)","Haad Rin  Ko Pha Ngan  Thailand
"
"(31.5084926, -9.7595041)","Pulau Derawan  Indonesia
"
"(11.9844552, 92.95084539999999)","Radhanagar Beach  Andaman Islands  India
"
"(35.2632144, 139.5807663)","Isshiki Beach  Hayama  Japan
"
"(57.73876509999999, 10.6337889)","Skagen Beach  Denmark
"
"(-20.1995813, 57.7771566)","Belle Mare  Mauritius
"
"(-41.036644, 173.017375)","Kaiteriteri Beach  Nelson  New Zealand
"
"(11.8566815, -66.7665377)","Los Roques  Venezuela
"
"(11.8566815, -66.7665377)","Punalu'u  Hawaii  United States
"
