Beach,Coordinates
Grande Anse Beach La Digue Island Seychelles,"-4.3737559,55.8435166"
Rabbit Beach Lampedusa Italy,"35.513452,12.557502"
Grace Bay Providenciales Turks and Caicos Islands,"21.7997149,-72.16826929999999"
Anse Source d'Argent La Digue Seychelles,"-4.376729699999999,55.8259462"
Anse de Grande Saline St. Barths,"17.8863728,-62.82132230000001"
Cabbage Beach Paradise Island Bahamas,"17.8863728,-62.82132230000001"
Wineglass Bay Tasmania,"-42.1306443,148.3123093"
Matira Beach Bora Bora Tahiti,"-16.5384056,-151.7388105"
Champagne Beach Vanuatu,"-15.1437919,167.1203814"
Palaui Island Cagayan Valley Philippines,"18.5604256,122.1405413"
Whitehaven Beach Queensland Australia,"18.5604256,122.1405413"
Tulum Mexico,"20.2114185,-87.46535019999999"
Pulau Perhentian Kecil Malaysia,"5.9071022,102.7221306"
El Nido Palawan Philippines,"11.2097089,119.4622539"
The Baths Virgin Gorda British Virgin Islands,"18.4301585,-64.44465730000002"
Luskentyre Beach Scotland,"57.8833908,-6.9526264"
Nihiwatu Beach Sumba Indonesia,"57.8833908,-6.9526264"
Gardner Bay Espanola Island Ecuador,"-1.3516356,-89.66178479999999"
Maya Bay Ko Phi Phi Thailand,"7.6781764,98.76567159999999"
Rarotonga Cook Islands,"-21.2292371,-159.7763491"
Juara Beach Tioman Island Malaysia,"2.7973811,104.2049089"
Boulders Beach Cape Town,"-34.1972201,18.4512851"
Crane Beach Barbados,"13.1067438,-59.4435781"
Egremni Beach Greece,"38.6374903,20.5583877"
Sun Island Beach Maldives,"3.484146,72.8017188"
Long Bay Saint-Martin,"18.0561293,-63.1428319"
Hanalei Bay Hawaii United States,"18.0561293,-63.1428319"
Sunrise Beach Koh Lipe Thailand,"6.48603,99.3103"
Warwick Long Bay Bermuda,"6.48603,99.3103"
Grand Anse Grenada,"12.0166667,-61.76666669999999"
Playa Paraiso Cayo Largo Cuba,"21.5947539,-81.5390682"
Navagio Beach Greece,"37.8594645,20.6249001"
Margaret River Australia,"-33.955,115.075"
Cayo Paraiso Dominican Republic,"-33.955,115.075"
Balos Beach Greece,"-33.955,115.075"
Bahia Solano Colombia,"6.222551999999999,-77.40115399999999"
West Bay Beach Roatan Honduras,"16.2749585,-86.59944279999999"
Karekare West Auckland New Zealand,"-36.9772244,174.4845231"
Canggu Beach Bali Indonesia,"-36.9772244,174.4845231"
Dominical Beach Costa Rica,"9.2536518,-83.8701636"
Negril Beach Jamaica,"18.313971,-78.337105"
D-Day beaches Normandy France,"49.3751871,-0.9083024000000001"
Nungwi Zanzibar Tanzania,"-5.725856,39.2985684"
Bondi Beach Sydney Australia,"-33.8914755,151.2766845"
Patnem Beach Goa India,"14.9968861,74.03350080000001"
Natadola Beach Fiji,"-17.775449,177.434055"
Placencia Beach Belize,"16.521219,-88.368535"
Trunk Bay St. John U.S. Virgin Islands,"16.521219,-88.368535"
Tanjung Rhu Langkawi Malaysia,"16.521219,-88.368535"
Porto da Barra Salvador Brazil,"-13.003306,-38.5328688"
Panama City Beach Florida United States,"30.1765914,-85.8054879"
Southwestern Beach Koh Rong Cambodia,"10.772539,103.230221"
Little Corn beaches Nicaragua,"12.288773,-82.97608799999999"
Cavendish Beach Prince Edward Island Canada,"46.49126099999999,-63.378674"
Phra Nang Beach Railay Thailand,"46.49126099999999,-63.378674"
Diani Beach Kenya,"46.49126099999999,-63.378674"
Abaka Bay Haiti,"18.094093,-73.7020022"
Akajima Okinawa Japan,"26.199204,127.2784676"
Na'ama Bay Sharm el Sheikh Egypt,"27.9116973,34.33242440000001"
Beidaihe China,"39.834596,119.484522"
Essaouira Morocco,"31.5084926,-9.7595041"
Haad Rin Ko Pha Ngan Thailand,"31.5084926,-9.7595041"
Pulau Derawan Indonesia,"2.2368796,118.4278129"
Radhanagar Beach Andaman Islands India,"11.9844552,92.95084539999999"
Isshiki Beach Hayama Japan,"35.2632144,139.5807663"
Skagen Beach Denmark,"57.73876509999999,10.6337889"
Belle Mare Mauritius,"-20.1995813,57.7771566"
Kaiteriteri Beach Nelson New Zealand,"-41.036644,173.017375"
Los Roques Venezuela,"11.8566815,-66.7665377"
Punalu'u Hawaii United States,"21.5907601,-157.8912373"
Laughing Bird Caye Belize,"16.4434667,-88.19718639999999"
Plage de Piémanson France,"16.4434667,-88.19718639999999"
Venice Beach California United States,"33.9850469,-118.4694832"
Capo Sant'Andrea Elba Italy,"33.9850469,-118.4694832"
Oludeniz Beach Turkey,"36.5465846,29.1217788"
Flamenco Beach Puerto Rico,"36.5465846,29.1217788"
Vilanculos Beach Mozambique,"-21.965585,35.312013"
Jeffreys Bay South Africa,"-21.965585,35.312013"
Unawatuna Sri Lanka,"6.017446899999999,80.2488596"
Cape Maclear Malawi,"-14.016667,34.85"
Las Salinas Ibiza Spain,"38.8417565,1.3838086"
La Concha Spain,"43.3186188,-1.9860118"
Ffryes Beach Antigua,"17.0504549,-61.8962362"
Puka Beach Boracay Philippines,"11.9936092,121.9101719"
Bandon Oregon United States,"43.1189978,-124.408448"
An Bang Beach Hoi An Vietnam,"15.9137909,108.340795"
Arashi Beach Aruba,"12.6105371,-70.0533861"
Byron Bay Australia,"12.6105371,-70.0533861"
Lover's Beach Baja California Sur Mexico,"22.8760009,-109.8971044"
Paradise Beach Rab Croatia,"44.8244343,14.7415502"
Bottom Bay Barbados,"13.1362038,-59.4250546"
Meads Bay Anguilla,"18.1819181,-63.13510119999999"
Long Beach Phu Quoc Vietnam,"10.1883408,103.9676836"
Hot Water Beach Coromandel Peninsula New Zealand,"-36.8902497,175.8221313"
Praia do Sancho Fernando de Noronha Brazil,"-3.8546893,-32.4436958"
Ifaty Beach Madagascar,"-23.1261622,43.60796029999999"
Coffee Bay Wild Coast South Africa,"-31.980496,29.152374"
Pigeon Point Tobago Trinidad and Tobago,"11.1729402,-60.8382219"
Portstewart Strand Northern Ireland,"55.16885569999999,-6.750238899999999"
Falassarna Beach Crete Greece,"35.5019631,23.5799002"
